post_id,text,comment_time,from_id
267583,"–¢.–µ. –∏–Ω—Ñ–ª—è—Ü–∏—è –ø–∞–¥–∞–µ—Ç, –∫–æ–≥–¥–∞ —Ü–µ–Ω—ã —Ä–∞—Å—Ç—É—Ç?)...",1702650360,129658462
267581,–û–ª–∏–≥–∞—Ä—Ö–æ-–±—é—Ä–æ–∫—Ä–∞—Ç–∏—á–µ—Å–∫–∏–π —Ä–µ–∂–∏–º –ø—Ä–µ–¥—Å–∫–∞–∑—É–µ–º...,1702657142,129658462
267475,"14,8 –º–ª–Ω —á–µ–ª–æ–≤–µ–∫......- –∞ –≤—Å–µ–≥–æ –≤ –†—Ñ —Å–∫–æ–ª—å–∫–æ —Ä–∞–±–æ—Ç–∞—é—â–∏—Ö ?",1701962331,16247140
266419,"–ò–Ω—Ñ–ª—è—Ü–∏—è –ø—Ä–µ–∫—Ä–∞—Ç–∏—Ç—Å—è —Ç–æ–ª—å–∫–æ –ø—Ä–∏ –ø—Ä–µ–∫—Ä–∞—â–µ–Ω–∏–∏ —Ä–∞–∑—Ä—É—à–µ–Ω–∏—è —Ä—É–±–ª—è –∏ –∑–∞–ø—Ä–µ—Ç–µ –Ω–∞ –≤—ã–≤–æ–¥ –¥–µ–Ω–µ–≥ –∏–∑ –†–æ—Å—Å–∏–∏, –∑–∞–ø—Ä–µ—Ç–µ –±–∞–Ω–∫–∞–º –∏–≥—Ä–∞—Ç—å –≤ —Ä–∞–∑—Ä—É—à–µ–Ω–∏–µ —Ä—É–±–ª—è.",1693237870,710313517
266098,–í–µ—Ä–Ω—ã–π –≤—ã–≤–æ–¥. –°–∏—Å—Ç–µ–º–∞ —Ä–∞–∑—Ä—É—à–µ–Ω–∏—è –Ω–∞—Ü–∏–æ–Ω–∞–ª—å–Ω—ã—Ö –≤–∞–ª—é—Ç –≤ –ø–æ–ª—å–∑—É –¥–æ–ª–ª–∞—Ä–∞ –¥–µ–ª–∞–µ—Ç –ª—é–¥–µ–π –Ω–∏—â–∏–º–∏.,1692684067,710313517
265550,"–ù–∞–µ–±—É–ª–∏–Ω–∞ –ø—Ä–æ–¥–æ–ª–∂–∏—Ç —Ä–∞–±–æ—Ç–∞—Ç—å –Ω–∞ –ó–∞–ø–∞–¥ –∏ –≥—Ä–æ–±–∏—Ç—å —ç–∫–æ–Ω–æ–º–∏–∫—É –†–§? 
–ù–µ —É–¥–∏–≤–∏–ª–æ",1690207546,138827775
264622,"–ë–∞–Ω–∫ –†–æ—Å—Å–∏–∏ —ç—Ç–æ –ß–ê–°–¢–ù–´–ô –ë–ê–ù–ö, –∫–æ—Ç–æ—Ä—ã–π –Ω–µ–∏–∑–≤–µ—Å—Ç–Ω–æ –∫–æ–º—É –ø—Ä–∏–Ω–∞–¥–ª–µ–∂–∏—Ç –∏ –Ω–µ –ø–æ–¥—á–∏–Ω—è–µ—Ç—Å—è –≥–æ—Å—É–¥–∞—Ä—Å—Ç–≤—É. –û —á—ë–º –≤–æ–æ–±—â–µ –º–æ–∂–Ω–æ –≥–æ–≤–æ—Ä–∏—Ç—å!?",1686831499,574229147
264622,"–ü–æ–∫–∞ –†–æ—Å—Å–∏—è –Ω–µ –Ω–∞—Ü–∏–æ–Ω–∞–ª–∏–∑–∏—Ä—É–µ—Ç –¶–ë –†–§ –∏ –Ω–µ –≤–µ—Ä–Ω–µ—Ç –ì–æ—Å–±–∞–Ω–∫ –∫–∞–∫ —á–∞—Å—Ç—å –ü—Ä–∞–≤–∏—Ç–µ–ª—å—Å—Ç–≤–∞, –Ω–µ—Ç –Ω–∏–∫–∞–∫–æ–≥–æ —Å—É–≤–µ—Ä–µ–Ω–Ω–æ–≥–æ –≥–æ—Å—É–¥–∞—Ä—Å—Ç–≤–∞ –∏ –Ω–µ—Ç —Å—É–≤–µ—Ä–µ–Ω–Ω–æ–≥–æ –±—É–¥—É—â–µ–≥–æ",1686845395,710313517
264325,–∞—á–∞–ª–∞ –∏—é–Ω—è –±—É–¥—É—Ç —Ç—Ä—É–¥–Ω—ã–º–∏,1685518426,599240509
264325,"–ü–∏—à–∏—Ç–µ —á–µ—Å—Ç–Ω–æ ""–¶–ë–†–§ –¥—É—à–∏—Ç –Ω–∞—Ü–∏–æ–Ω–∞–ª—å–Ω—É—é —ç–∫–æ–Ω–æ–º–∏–∫—É, –∏–∑—ã–º–∞–µ—Ç –¥–µ–Ω—å–≥–∏ –≤–º–µ—Å—Ç–æ –Ω–∞–ø—Ä–∞–≤–ª–µ–Ω–∏—è –Ω–∞ —Ä–∞–∑–≤–∏—Ç–∏–µ –∏ –ø–æ–º–æ–≥–∞–µ—Ç –≤—Ä–∞–≥–∞–º –†–æ—Å—Å–∏–∏""",1685593672,710313517
264266,–ö–æ—Ä–æ—á–µ –î–£–®–ò–¢ –±–∞–Ω–∫ –†–æ—Å—Å–∏–∏ —Ä–æ—Å—Å–∏–π—Å–∫—É—é —ç–∫–æ–Ω–æ–º–∏–∫—É. –ù–∞–µ–±—É–ª–ª–∏–Ω—É –¥–∞–≤–Ω–æ –ø–æ—Ä–∞ –∞—Ä–µ—Å—Ç–æ–≤–∞—Ç—å –∏ –æ—Ç–ø—Ä–∞–≤–∏—Ç—å –Ω–∞ –Ω–∞—Ä—ã.,1685361521,574229147
264266,"–ù–µ, –¶–ë–†–§ –ø—Ä–æ—Å—Ç–æ –¥—É—à–∏—Ç —ç–∫–æ–Ω–æ–º–∏–∫—É. –ß—Ç–æ–±—ã –±–∞–Ω–∫–∏ –Ω–µ –∫—Ä–µ–¥–∏—Ç–æ–≤–∞–ª–∏ —Ä–µ–∞–ª—å–Ω—ã–µ –ø—Ä–µ–¥–ø—Ä–∏—è—Ç–∏—è, –∞ –¥–µ—Ä–∂–∞–ª–∏ –¥–µ–Ω—å–≥–∏ –≤ –≤–∞–ª—é—Ç–µ –∏ –∏–≥—Ä–∞–ª–∏ –ø—Ä–æ—Ç–∏–≤ —Ä—É–±–ª—è. –î–≤–æ–π–Ω–æ–π —É—Ä–æ–Ω –¥–ª—è –†–æ—Å—Å–∏–∏ - –Ω–∏ —Ä–∞–∑–≤–∏—Ç–∏—è —ç–∫–æ–Ω–æ–º–∏–∫–∏, –∏ —Ä–∞–∑—Ä—É—à–µ–Ω–∏–µ —Ä—É–±–ª—è.",1685364470,710313517
264120,,1684840675,574229147
263433,—ç—Ç–æ –∂ –∫–∞–∫!?üòá,1681972836,136062459
263433,–ê —Å—Ç–∞–≤–∫–∞ –ë–∞–Ω–∫ –≤ –ê–Ω–≥–ª–∏–∏ –¥–∞–ª–µ–∫–æ –æ—Ç–ª–∏—á–∞–µ—Ç—Å—è –æ—Ç —Å—Ç–∞–≤–∫–∏ –¶–ë–†–§....,1682011314,710313517
263279,... –∏ —ç—Ç–æ —Ç–æ–ª—å–∫–æ –Ω–∞—á–∞–ª–æ –≤—Å–µ–≥–æ,1681489632,27965624
263119,–º–∏–≥—Ä–∞–Ω—Ç—ã...,1680956490,27965624
263119,"–¢–∞–∫ –Ω–µ—Ç —Å–º—ã—Å–ª–∞ –¥–µ–ª–∞—Ç—å –ø–æ—Ç—Ä—è—Å–µ–Ω–∏—è, –æ–Ω–∏ –±—É–¥—É—Ç —Ç—è–Ω—É—Ç —Å—Ç–æ–ª—å–∫–æ, —Å–∫–æ–ª—å–∫–æ –ø–æ–ª—É—á–∏—Ç—Å—è. –¢–µ–º –±–æ–ª–µ–µ –ø–æ–∫–∞ –≤ –†–æ—Å—Å–∏–∏ –Ω–µ –∑–∞–ø—Ä–µ—â—ë–Ω –≤—ã–≤–æ–¥ –∫–∞–ø–∏—Ç–∞–ª–∞ –∏–∑ –†–æ—Å—Å–∏–∏ –∏ –Ω–µ –≤–æ–∑–≤—Ä–∞—Ç —ç–∫—Å–ø–æ—Ä—Ç–Ω–æ–π –≤—ã—Ä—É—á–∫–∏, –¥–µ–Ω—å–≥–∏ –†–æ—Å—Å–∏–∏ —Å–ø–æ–Ω—Å–∏—Ä—É—é—Ç –∑–∞–ø–∞–¥–Ω—ã–µ —Å—Ç—Ä–∞–Ω—ã. –í–ø—Ä–æ—á–µ–º, –Ω–µ —Ç–æ–ª—å–∫–æ –¥–µ–Ω—å–≥–∏ –∏–∑ –†–æ—Å—Å–∏–∏. –í—Å–µ —Å—Ç—Ä–∞–Ω—ã —Ç—Ä–µ—Ç—å–µ–≥–æ –º–∏—Ä–∞ –≤—ã–≤–æ–¥—è—Ç —Å–≤–æ–∏ –¥–µ–Ω—å–≥–∏ –≤ –¥–æ–ª–ª–∞—Ä—ã –∏ –µ–≤—Ä–æ –∏ —Å–ø–æ–Ω—Å–∏—Ä—É—é—Ç —Å–≤–æ–∏—Ö –ø–∞—Ä–∞–∑–∏—Ç–æ–≤",1681019994,710313517
262656,"–í —ç—Ç–æ–π –ª–æ–≤—É—à–∫–µ –Ω–∞—Ö–æ–¥—è—Ç—Å—è –≤–æ–æ–±—â–µ –≤—Å–µ. –ò –µ–¥–∏–Ω—Å—Ç–≤–µ–Ω–Ω—ã–π –≤—ã—Ö–æ–¥ –∏–∑ —Å–ª–æ–∂–∏–≤—à–µ–π—Å—è —Å–∏—Ç—É–∞—Ü–∏–∏ - —ç—Ç–æ –ø—Ä–∏–∑–Ω–∞–Ω–∏–µ –ø—Ä–∞–≤–∞ —Ç—Ä—ë—Ö–º–µ—Ä–Ω–æ–π —Ç–µ—Ö–Ω–æ–ª–æ–≥–∏–∏ –ø—Ä–æ—Ü–µ—Å—Å–∞ —ç–∫–æ–Ω–æ–º–∏–∫–∏, –≥–¥–µ –∫–∞–∫ —Å–ª–µ–¥—Å—Ç–≤–∏–µ —Å—Ç–∞–Ω–µ—Ç –æ—Ç–∫–∞–∑ –æ—Ç –Ω–µ–∑–∞–∫–æ–Ω–Ω–æ–≥–æ –ø—Ä–∞–≤–∞ –º–æ–Ω–æ–ø–æ–ª–∏–∏ –≥–æ—Å—É–¥–∞—Ä—Å—Ç–≤–∞ –≤ —ç–∫–æ–Ω–æ–º–∏–∫–µ. –¢–µ–º —Å–∞–º—ã–º –∏–Ω—Ñ–ª—è—Ü–∏–æ–Ω–Ω—ã–µ –æ–±—Å—Ç–æ—è—Ç–µ–ª—å—Å—Ç–≤–∞ –∑–∞–π–º–∞ –±—É–¥—É—Ç —Å—Ç–∞–±–∏–ª–∏–∑–∏—Ä–æ–≤–∞—Ç—å—Å—è –¥–µ—Ñ–ª—è—Ü–∏–æ–Ω–Ω—ã–º–∏ –º–µ—Ä–∞–º–∏ —Ä–∞–∑–≤–∏—Ç–∏—è —Ç–µ—Ö–Ω–æ–ª–æ–≥–∏–∏. –ù–∞ —á—ë–º –¥–æ–ª–∂–µ–Ω –æ—Å–Ω–æ–≤—ã–≤–∞—Ç—å—Å—è –¥–æ–ª–≥.",1679561051,612990774
262656,–ù–µ—É–∂–µ–ª–∏ –∑–∞—Å—Ç–∞–Ω–µ–º –ø—Ä–µ–≤—Ä–∞—â–µ–Ω–∏–µ –¥–æ–ª–ª–∞—Ä–∞ –≤ —Ñ–∞–Ω—Ç–∏–∫?!,1679573775,222562392
262656,–ù–∞—á–∞–ª–æ –∫–æ–Ω—Ü–∞,1679576019,308720830
262656,–ü—Ä–∏–≤–µ—Ç –∏–∑ 90—Ö‚òùü§£ü§£ü§£,1679598115,28862544
262649,–®–æ–∫ - —ç—Ç–æ –ø–æ –Ω–∞—à–µ–º—É.,1679498991,548418968
262649,"–∑–∞—Ç–æ —Å–Ω–∞—Ä—è–¥—ã –¥–ª—è –£–∫—Ä–∞–∏–Ω—ã –ø–æ—Å—Ç–∞–≤–∏–ª–∏, –¥—è—Ç–ª—ã",1679743678,497580548
262571,–†—É–±–ª—å –≤—Å—ë —Ä–∞–≤–Ω–æ –ø—Ä–æ–¥–æ–ª–∂–∞—Ç —Ä–∞–∑—Ä—É—à–∞—Ç—å,1679326198,710313517
262128,"–£–∏–Ω—Å—Ç–æ–Ω –ß–µ—Ä—á–µ–∏–ª–ª—å, —Å—Ç–∞–≤ –ø—Ä–µ–º—å–µ—Ä-–º–∏–Ω–∏—Å—Ç—Ä–æ–º –í–µ–ª–∏–∫–æ–±—Ä–∏—Ç–∞–Ω–∏–∏ –ø–µ—Ä–≤—ã–º —Ä–∞—Å–ø–æ—Ä—è–∂–µ–Ω–∏–µ–º –ø—Ä–∏–∫–∞–∑–∞–ª: ""–ò—Å–ø–æ–ª–Ω—è—Ç—å —Ç–æ–ª—å–∫–æ –º–æ–∏ –ø–∏—Å—å–º–µ–Ω–Ω—ã–µ –ø—Ä–∏–∫–∞–∑—ã!"" 
–ü—Ä–µ–∑–∏–¥–µ–Ω—Ç –°–®–ê —Ä–∞–±–æ—Ç–∞–µ—Ç –∏—Å–ø–æ–ª–Ω–∏—Ç–µ–ª—å–Ω—ã–º–∏ –ø—Ä–∏–∫–∞–∑–∞–º–∏, —Ä–∞—Å–ø–æ—Ä—è–∂–µ–Ω–∏—è–º–∏, –∫–æ—Ç–æ—Ä—ã–µ –ø—É–±–ª–∏–∫—É—é—Ç—Å—è –ø–æ—Å–ª–µ –∏—Ö –∏—Å–ø–æ–ª–Ω–µ–Ω–∏—è –∏–ª–∏ –Ω–µ–º–µ–¥–ª–µ–Ω–Ω–æ!!! 
 
–ë–∞–Ω–¥–∞ –≤ –ö—Ä–µ–º–ª–µ –Ω–µ –º–æ–∂–µ—Ç –∏–∑–¥–∞—Ç—å —Ç–∞–∫–æ–π –ü—Ä–∏–∫–∞–∑ –∏ –ø—Ä–∏–Ω—è—Ç—å —Ç–∞–∫–æ–π –ø–æ—Ä—è–¥–æ–∫ —Ä–∞–±–æ—Ç—ã, –ø–æ—Ç–æ–º—É —á—Ç–æ –≤—Å–µ –∏—Ö –ø—Ä–∏–∫–∞–∑—ã –ü–†–ï–°–¢–£–ü–ù–´! 
 
–í –ö—Ä–µ–º–ª–µ –¥–∞–≤–Ω–æ –Ω–µ—Ç –º–æ–∑–≥–æ–≤, –ª–∏–±–æ —ç—Ç–∏ –º–æ–∑–≥–∏ –≤ –∂–æ–ø–µ... 
 
–ß—Ç–æ –±—É–¥—É—Ç –¥–µ–ª–∞—Ç—å –æ–±–µ–∑—å—è–Ω—ã –≤ –ö—Ä–µ–º–ª–µ, –µ—Å–ª–∏ —Ä–∞—Å—Å–ª–µ–¥–æ–≤–∞–Ω–∏–µ —à–∏–∑–æ—Ñ—Ä–µ–Ω–∏–∫–æ–≤ –ø—Ä–∏–≤–µ–¥—ë—Ç –∫ —Å–∞–º–∏–º —à–∏–∑–æ—Ñ—Ä–µ–Ω–∏–∫–∞–º –∏–ª–∏ –∏—Ö –¥—Ä—É–∑—å—è–º –≤ –ë–µ–ª–æ—Ä—É—Å—Å–∏–∏ –∏ –ü–æ–ª—å—à–µ. 
 
–ê —á—Ç–æ –±—É–¥—É—Ç –¥–µ–ª–∞—Ç—å –≤ –ö—Ä–µ–º–ª–µ, –µ—Å–ª–∏ –≤ –æ—Ç–≤–µ—Ç –Ω–∞ —ç—Ç–∏ –≥–ª—É–ø—ã–µ –æ–±–≤–∏–Ω–µ–Ω–∏—è –ë–µ–ª—ã–π –î–æ–º –°–®–ê –∑–∞—Ö–æ—á–µ—Ç –æ–ø—É–±–ª–∏–∫–æ–≤–∞—Ç—å –º–∞—Ç–µ—Ä–∏–∞–ª—ã —Ä–∞—Å—Å–ª–µ–¥–æ–≤–∞–Ω–∏—è 11 —Å–µ–Ω—Ç—è–±—Ä—è 2001 –≥–æ–¥–∞, –∫–æ–≥–¥–∞ –ü—É—Ç–∏–Ω, –ò–≤–∞–Ω–æ–≤, –ü–∞—Ç—Ä—É—à–µ–≤ –ø–æ–¥ –≤–∏–¥–µ–æ–∫–∞–º–µ—Ä—É —Ä–∞—Å—Å–∫–∞–∑—ã–≤–∞—é—Ç, –∫–∏–≤–∞—è –Ω–∞ –ï–ª—å—Ü–∏–Ω—ã—Ö, —á—Ç–æ —ç—Ç–æ –æ–Ω–∏ –æ—Ç–¥–∞–ª–∏ –ø—Ä–∏–∫–∞–∑ –Ω–∞ –ø—Ä–æ–≤–µ–¥–µ–Ω–∏–µ —Ç–µ—Ä—Ä–æ—Ä–∏—Å—Ç–∏—á–µ—Å–∫–æ–≥–æ –∞–∫—Ç–∞ 11 —Å–µ–Ω—Ç—è–±—Ä—è 2001 –≥–æ–¥–∞ –≤–º–µ—Å—Ç–µ —Å –¥—Ä—É–∑—å—è–º–∏ –≤ –ï–≤—Ä–æ–ø–µ, –ø–æ –∑–∞–∫–∞–∑—É –ï–≤—Ä–æ–ø—ã... 
 
–í –∫–∏—Ç–∞–π—Å–∫–æ–π –º–∏—Ñ–æ–ª–æ–≥–∏–∏, —Ç–æ —á—Ç–æ –¥–µ–ª–∞—é—Ç —Å–ª–∞–±–æ—É–º–Ω—ã–µ —à–∏–∑–æ—Ñ—Ä–µ–Ω–∏–∫–∏ –≤ –ö—Ä–µ–º–ª–µ, –Ω–∞–∑—ã–≤–∞–µ—Ç—Å—è ""–î—ë—Ä–≥–∞—Ç—å —Ç–∏–≥—Ä–∞ –∑–∞ —É—Å—ã"".",1677989715,461379477
262052,"""–æ–∂–∏–¥–∞–Ω–∏—è –Ω–∞—Å–µ–ª–µ–Ω–∏—è"" - —Ñ–µ–π–∫–æ–≤—ã–π –∞—Ä–≥—É–º–µ–Ω—Ç. –ï—Å–ª–∏ –ø–ª–∞–Ω–∏—Ä—É–µ—Ç—Å—è –∏–Ω—Ñ–ª—è—Ü–∏—è 4 –ø—Ä–æ—Ü–µ–Ω—Ç–∞, —Ç–æ —Å—Ç–∞–≤–∫–∞ –¶–ë–†–§ –¥–æ–ª–∂–Ω–∞ –±—ã—Ç—å –º–∞–∫—Å–∏–º—É–º 3 –ø—Ä–æ—Ü–µ–Ω—Ç–∞. –ê –Ω–∞—Å–µ–ª–µ–Ω–∏–µ –≤—Å–µ–≥–¥–∞ –∑–∞ —Å–Ω–∏–∂–µ–Ω–∏–µ —Å—Ç–∞–≤–∫–∏, –∞ –Ω–µ —Ä–æ—Å—Ç. –õ—é–±–æ–π —Ä–æ—Å—Ç —Å—Ç–∞–≤–æ–∫ —ç—Ç–æ —Ä–æ—Å—Ç —Ü–µ–Ω.",1677641268,710313517
262052,"–ü—Ä–µ–∑–∏–¥–µ–Ω—Ç —Å–∫–∞–∑–∞–ª 4 –ø—Ä–æ—Ü–µ–Ω—Ç–∞. –ß—Ç–æ –¥–æ–ª–∂–µ–Ω —Å–¥–µ–ª–∞—Ç—å –¶–ë, —á—Ç–æ–±—ã –≤—ã–ø–æ–ª–Ω–∏—Ç—å?",1677676153,51377480
261898,–í–æ—Ç –ù–µ–º—Ü–∞–º –æ–Ω–∏ –ø–µ—Ä–µ—Ä–µ–∑–∞–ª–∏ –ì–∞–∑ - –∞ –ö–∏—Ç–∞–π—Ü–∞–º –Ω–µ —Å—Ç–∞–ª–∏...–∫–∞–∫–æ–π –≤—ã–≤–æ–¥?: –ê–º–µ—Ä–∏–∫–∞–Ω—Ü–∞–º –ö–∏—Ç–∞–π—Ü—ã –Ω—Ä–∞–≤—è—Ç—Å—è –±–æ–ª—å—à–µ –ù–µ–º—Ü–µ–≤?,1677090976,16247140
261317,–°—Ç—Ä–µ–º–∏—Ç–µ–ª—å–Ω—ã–º –¥–æ–º–∫—Ä–∞—Ç–æ–º,1675203673,22186949
261255,"–º–Ω–µ –∫–∞–∂–µ—Ç—Å—è, –ò–ª–æ–Ω –ú–∞—Å–∫ –≤–æ–æ–±—â–µ –¥–æ—Å—Ç–æ–π–Ω—ã–π —á–µ–ª–æ–≤–µ–∫, —Å—Ç–æ–ª—å–∫–æ –≤—Å–µ–≥–æ –ø–æ–ª–µ–∑–Ω–æ–≥–æ —Å–¥–µ–ª–∞–ª",1674827858,771958070
261255,–ò–ª–æ–Ω —Å—Ç–æ–ª—å–∫–∏—Ö –ª—é–¥–µ–π —É–∂–µ –≤–¥–æ—Ö–Ω–æ–≤–∏–ª! –í–æ—Ç —ç—Ç–æ —É —á–µ–ª–æ–≤–µ–∫–∞ —Å–∏–ª–∞!,1674830944,772224463
260957,"–£—Å–∏-–ø—É—Å–∏, —è –æ–±–∏–¥–µ–ª–∞—Å—å...ü§£",1673608933,709848164
260957,–ï—Å—Ç—å –∂–µ –∏ –≤ –ï–≤—Ä–æ—Å–æ—é–∑–µ –≤–º–µ–Ω—è–µ–º—ã–µ –≥–ª–∞–≤—ã –≥–æ—Å-–≤...,1673610014,147845069
