id,owner_id,post_time,post_text,comments.count
4942354,-26284064,1675188534,"Страны ЕС готовят ответ на Акт о снижении инфляции в США. Закон предоставляет щедрые субсидии производителям электромобилей, аккумуляторов и энергетического оборудования при условии, что они выпущены в Соединенных Штатах. По мнению европейских лидеров, Акт может привести к торговой войне. Подробнее — в нашем видео.

Видео: ТАСС/Ruptly/Reuters",21
4941658,-26284064,1675171815,"Итоговая инфляция в России и мире за 2022 год.

Международный валютный фонд спрогнозировал снижение мировой инфляции с 8,8% до 6,6% в 2023 году, а в 2024 году — до 4,3%. Об этом говорится в опубликованном январском обновлении к докладу МВФ о перспективах развития мировой экономики.

Ожидается, что в 2023 году в 84% стран инфляция (рост индекса потребительских цен) будет ниже, чем в 2022 году. Об инфляции в России и мире по итогам прошлого года — в нашей инфографике.

#ТАСС_Инфографика",1
4932251,-26284064,1674837907,"Главные темы дня:

▪Послу Латвии в Москве предписано покинуть РФ в течение двух недель:
https://vk.cc/cl76vi

▪Во Внуково вертолет повредил винт при посадке:
https://vk.cc/cl6Fa4

▪Роскомнадзор заблокировал сайты ЦРУ и ФБР за распространение фейков:
https://vk.cc/cl7bhu

▪ЕС продлил на полгода все санкции против России по Украине:
https://vk.cc/cl6Yfa

▪МО РФ заявило о срыве перевозки Украиной вооружений, в том числе поставленных НАТО:
https://vk.cc/cl6HQK

▪Путин поручил повышать МРОТ в 2023 году выше уровня инфляции:
https://vk.cc/cl723c

▪Российский и американский взгляд на ЧВК ""Вагнер"", возможности США в урегулировании конфликта на Украине, японские санкции и ужесточение Казахстаном миграционного законодательства стали основными темами брифинга Пескова. Собрали ключевые заявления представителя Кремля:
https://vk.cc/cl6yrZ

▪В ДНР сообщили, что силы РФ закрепились на востоке и юго-востоке Угледара:
https://vk.cc/cl6vbZ

▪Новые регионы перейдут на московское время:
https://vk.cc/cl6Hmg

▪Экс-схимонаха Сергия приговорили к 5,5 года колонии по второму уголовному делу:
https://vk.cc/cl7bKI

▪Промышленность Ленинграда продолжала работать и развиваться даже во время блокады. Одно из крупнейших предприятий — завод ""Электросила"" — производило вооружение, снаряжение, профильную продукцию, электрооборудование несмотря на то, что основное число работников ушли на фронт или в ополчение. Рассказываем о судьбе одного из старейших заводов Ленинграда:
https://vk.cc/cl7bLA",6
4932031,-26284064,1674832215,"Путин поручил повышать МРОТ в 2023 году выше уровня инфляции. Доклад по этому вопросу должен быть представлен до 1 июля:
https://vk.cc/cl723c",28
4924109,-26284064,1674586903,"Всемирный банк прогнозирует замедление роста мировой экономики в 2023–2024 годах. Это связано с высоким уровнем инфляции. По оценке Международного валютного фонда, ее показатели достигли пика. Подробнее — в нашем видео.

Видео: Александр Щербак/ТАСС/Ruptly/Reuters",7
4908160,-26284064,1674060313,"Зима для Великобритании выдалась жаркой: стремительное ухудшение ситуации в экономике заставляет граждан протестовать и устраивать забастовки. Среди бастующих есть и сотрудники медицинской отрасли, что нанесло серьезный ущерб сфере здравоохранения страны. Помимо них бастуют преподаватели, железнодорожники, работники почты — они требуют увеличения зарплат в соответствии с инфляцией. Но правительство непреклонно: такой возможности нет. О борьбе общественности и политических элит — в нашем материале:
https://vk.cc/ckOAcQ",8
4905127,-26284064,1673959885,"Уровень инфляции в РФ в первом квартале текущего года может снизиться до 5%, во втором — ниже 4%. Об этом заявил Владимир Путин на совещании по экономике:
https://vk.cc/ckLWpn

Видео: ТАСС/Ruptly",35
4904981,-26284064,1673955913,"Собрали главные новости по ситуации на Украине и вокруг нее к этому часу:

▪Житель одной из стран СНГ задержан на границе России и Грузии за причастие к шпионажу в пользу Украины. Об этом сообщили в пресс-службе УФСБ по Северной Осетии:
https://vk.cc/ckLPbG

▪ЕС перевел Украине первый транш на €3 млрд в рамках программы кредитной помощи на 2023 год:
https://vk.cc/ckLPbI

▪ВСУ готовятся устанавливать бункеры в Запорожье, заявил Рогов:
https://vk.cc/ckLPbK

▪На Херсонщине сообщили о гибели двух человек и ранении ребенка при обстреле Каховки ВСУ:
https://vk.cc/ckLPbM

▪Рогов сообщил о демонтаже бюста Пушкина в Запорожье:
https://vk.cc/ckLPbO

▪Минтруд разработал законопроект о выплате пенсий в новых регионах:
https://vk.cc/ckLPbQ

▪В мире сохранится высокая инфляция из-за событий на Украине, сообщило агентство Bloomberg:
https://vk.cc/ckLPbS

▪США выбрали Украину в качестве плацдарма для ослабления Европы, заявил Володин:
https://vk.cc/ckLPbV

▪Медведев назвал позором обсуждение в Давосе поставок танков Киеву, а не экономики:
https://vk.cc/ckLPbX

▪Пресс-служба Пригожина сообщила о гибели бойца Французского иностранного легиона в ДНР:
https://tass.ru/proisshestviya/16816575?utm_source=vk.com&utm_medium=social&utm_campaign=smm_social_share",9
4859049,-26284064,1672475155,"Вспоминаем главные события 2022 года. В их число вошли Олимпийские игры в Пекине, признание ДНР и ЛНР, санкции, инфляция, протесты, мировая засуха и зерновая сделка. Подробнее — в нашем видео.

Видео: ТАСС/Ruptly/Reuters",4
4858181,-26284064,1672418714,"Планы США по субсидированию американских компаний в рамках Акта о снижении инфляции могут привести к сближению Евросоюза с Китаем, предупредил замглавы Еврокомиссии Валдис Домбровскис, слова которого приводит газета Financial Times:
https://vk.cc/ckh54D",0
4854553,-26284064,1672308029,"Инфляция в России по итогам года будет порядка 12%. Об этом в эфире телеканала ""Россия-24"" заявил министр финансов РФ Антон Силуанов:
https://vk.cc/ckdSPz",52
4847484,-26284064,1672093819,"Банк России будет повышать ключевую ставку, если это потребуется для того, чтобы стабилизировать инфляцию на цели 4% к 2024 году, заявил заместитель председателя регулятора Алексей Заботки:
https://vk.cc/ck8ex2",0
4841810,-26284064,1671904814,"Россия смогла в 2022 году удержать рост цен на топливо: бензин при инфляции в 11,1% подорожал всего на 0,6%, дизель - на 8,4%. В 2023 году Россия намерена не допустить рост цен выше инфляции, сообщил вице-премьер России Александр Новак:
https://vk.cc/ck49Xv",20
4840381,-26284064,1671849014,"Правительство Великобритании намерено увеличить размер военного бюджета на фоне конфликта на Украине, чтобы не допустить сокращения реального уровня капиталовложений в сферу обороны из-за высокой инфляции, сообщила газета The Daily Telegraph:
https://vk.cc/ck2LK7",2
4821272,-26284064,1671196212,"Показатели годовой инфляции в Российской Федерации в ближайшие месяцы будут сокращаться, заявила глава ЦБ РФ Эльвира Набиуллина на пресс-конференции по итогам заседания совета директоров регулятора:
http://go.tass.ru/jxxJY

Видео: ТАСС/Ruptly",5
4820974,-26284064,1671188146,"ЦБ РФ в очередной раз принял решение сохранить ключевую ставку на уровне 7,5% годовых.

Регулятор примет дальнейшие решения по ключевой ставке с учетом динамики инфляции и структурной перестройки экономики:
http://go.tass.ru/jxxqb

#ТАСС_Инфографика",2
4800947,-26284064,1670580366,"В России очевидный тренд на снижение инфляции, сообщил Путин:
http://go.tass.ru/jxn1l

Видео: ТАСС/Ruptly",8
4793749,-26284064,1670337000,"В Великобритании продовольственная инфляция достигла рекордных 12%. Рост цен вызвала вспышка птичьего гриппа. Из-за него в королевстве возникла нехватка яиц, они подорожали на 20%. В Венгрии ввели каникулы для госучреждений с 22 декабря по 6 января. Это сделано для экономии тепла и электроэнергии. Подробнее о ситуации с инфляцией - в нашем видео. 

Видео: ТАСС/Ruptly/Reuters",18
4790963,-26284064,1670245236,"Владимир Путин подписал закон, устанавливающий прожиточный минимум в 2023 году в РФ на уровне 14 375 рублей.

В 2023 году величина прожиточного минимума в целом по России на душу населения устанавливается, с учетом высокой прогнозируемой инфляции, в размере 14 375 рублей, для трудоспособного населения — 15 669 рублей, для пенсионеров — 12 363 рубля, для детей — 13 944 рубля: 
http://go.tass.ru/jxlYb",36
4789426,-26284064,1670168719,"Глава Еврокомиссии Урсула фон дер Ляйен предупредила об угрозе начала новой торговой войны ЕС с США из-за американского закона о снижении инфляции. Об этом она заявила, выступая в Колледже Европы в Брюгге. 

По ее словам, эта война — не в интересах ни США, ни Европы, и в Брюсселе готовы принимать ответные меры для защиты европейской экономики:
http://go.tass.ru/jxpJp",21
4778641,-26284064,1669801508,"Силуанов заявил, что Минфин контролирует инфляцию. По словам главы ведомства, госзаимствования на рынке не оказывают влияния на рост и динамику изменения цен:
http://go.tass.ru/jxmCr",40
4726912,-26284064,1668118537,"Джо Байден заявил, что стране потребуется время для того, чтобы вернуть показатели инфляции к нормальному уровню, решение этой проблемы является приоритетом для американской администрации:
http://go.tass.ru/jG54O",2
4725899,-26284064,1668092470,"Инфляция в Еврозоне в октябре достигла 10,7%, побив предыдущий рекорд. Рост цен на энергоресурсы — основная причина ускорения инфляции, сообщил Евростат. 

В США повышение уровня цен достигло максимума за последние 40 лет. Подробнее, смотрите в нашем репортаже. 

Видео: Видео: Вениамин Демидецкий/ТАСС/Ruptly/Reuters",9
4718710,-26284064,1667925911,"9 ноября Америка встретит с полностью обновившейся Палатой представителей — от решений ее комитета по международной политике зависит курс Белого дома за рубежом.

39% общественного одобрения, рост инфляции на 8% и перевес всего в 8 кресел, который требуется отстоять на предстоящих выборах. Такова трудная арифметика для партии демократов и президента Джо Байдена поздней осенью 2022 года. От сегодняшнего голосования зависит, насколько свободно будет чувствовать себя Белый дом не только внутри страны, но и на международной арене:
http://go.tass.ru/jGoXH",9
4698191,-26284064,1667304316,"Инфляция в России за полгода, с апреля по октябрь, снизилась, заявил премьер-министр Михаил Мишустин на заседании Совета глав правительств ШОС. К концу октября инфляция в России составила 13%, отметил премьер-министр:
http://go.tass.ru/jGXT2

Видео: ТАСС/Ruptly",6
4686110,-26284064,1666966512,"Частичная мобилизация будет сдерживающим фактором для динамики потребительского спроса и инфляции в РФ в ближайшие месяцы, следует из пресс-релиза Банка России

Регулятор также уточнил прогноз по инфляции в России на конец 2022 года до 12-13% с 11-13%, при этом сохранив прогноз на 2023 и 2024 годы:
http://go.tass.ru/jG29a",15
4684550,-26284064,1666931426,"Олаф Шольц и Эмманюэль Макрон стремятся договориться с США относительно реализации американского закона о снижении инфляции, но при неудачном исходе переговоров рассматривают вариант ответных мер, пишет газета Politico:
http://go.tass.ru/jGHQg",12
4665102,-26284064,1666370710,"Инфляция растет по всему миру. По мнению МВФ, к 2026 году экономики потеряют 4 трлн долларов совокупного ВВП. Пик инфляции ожидается на конец текущего года.

Подробнее — в нашем репортаже.

Видео: ТАСС/Ruptly/Reuters",7
4640629,-26284064,1665645307,"UPD: ""Мегафон"" заявил, что находится в тесном контакте с ФАС по поводу дела о повышении тарифов. Оператор заранее проинформировал службу об изменении стоимости тарифов:
https://vk.cc/choBEN

ФАС возбудила дело в отношении ""Мегафона"" в связи с повышением тарифов. Служба установила, что уровень изменения тарифов не соответствовал уровню инфляции с начала 2022 года:
http://go.tass.ru/jGAh7",12
4628370,-26284064,1665289847,"Дональд Трамп считает, что инфляция в США продолжит существенно расти:
http://go.tass.ru/jGrAF",9
4620496,-26284064,1665074791,"Главные темы дня:

▪️ Инфляция в России продолжает снижаться, заявил президент РФ Владимир Путин на совещании по экономическим вопросам. Собрали основные заявления главы государства:
http://go.tass.ru/jGOfy

▪️ Евросоюз утвердил восьмой пакет санкций против России:
http://go.tass.ru/jGOfh

▪️ Опубликован указ Путина об отсрочке для студентов и аспирантов от мобилизации:
http://go.tass.ru/jGOfv

▪️ Евросоюз ввел санкции против 30 физических и 7 юридических лиц России:
http://go.tass.ru/jGOfg

▪️ Мишустин ожидает, что экономика России вернется к росту ""чуть больше, чем через год"":
http://go.tass.ru/jGOfE

▪️ Минобороны сообщило об освобождении населенного пункта Зайцево в ДНР:
http://go.tass.ru/jGOfV

▪️ Россия готова остановить военные действия в ходе спецоперации на Украине на предложенных Москвой условиях, заявила Матвиенко:
http://go.tass.ru/jGOf9

▪️ Норвегия ограничит проход российских рыболовных судов в свои порты:
http://go.tass.ru/jGOf4

▪️ Полиция безопасности Швеции сообщила о значительном ущербе ""Северным потокам"" после взрыва:
http://go.tass.ru/jGOfR

▪️ Владимиру Кара-Мурзе (признан в РФ иноагентом) предъявили обвинение в госизмене:
http://go.tass.ru/jGOfU

▪️ Тренера Татьяну Тарасову госпитализировали:
http://go.tass.ru/jGOfd

▪️ Решение ОПЕК+ сократить добычу нефти, публикация The New York Times про убийство журналистки Дарьи Дугиной и заявления Илона Маска — собрали ключевые заявления пресс-секретаря российского лидера Дмитрия Пескова:
http://go.tass.ru/jGOfO

▪️ МИД Казахстана сообщил о ""жестком разговоре"" с российским послом:
http://go.tass.ru/jGOfr

▪️ На Запорожье рассказали, что спецназ ВСУ при участии Великобритании готовят к захвату ЗАЭС:
http://go.tass.ru/jGOfS

▪️ Нобелевскую премию по литературе получила французская писательница Анни Эрно:
http://go.tass.ru/jGOfN

▪️ Роскомнадзор заблокировал доступ к сайту онлайн-платформы ""Эхо"":
http://go.tass.ru/jGOfA

▪️Тетя Молли ""Гарри Поттера"" и Сэм Гэмджи из ""Властелина колец"" — эти образы воплощают архетип Заботливый. У заботы множество проявлений: это эмпатия, милосердие и альтруистичность, c одной стороны, а, с другой — удушающая опека, которая вредна как и для самого опекуна, так и для его подопечного. Есть ли разумные пределы у заботы? Как нужно ее выражать, с одной стороны, не нарушая личные границы подопечного, а с другой — сохраняя себя? Слушайте в новом выпуске подкаста ""12 друзей Юнга"": 
http://go.tass.ru/jGOfq",10
4619554,-26284064,1665057973,"Инфляция в России продолжает снижаться, а на прошлой неделе она опустилась до 13,5%. Многие сектора экономики, например промышленность, сельское хозяйство и другие, постепенно восстанавливаются. При этом властям необходимо обеспечить дальнейшее устойчивое восстановление макроэкономической динамики и обратить внимание на слабый потребительский спрос.

Собрали основные заявления Владимира Путина на совещании по экономическим вопросам:
http://go.tass.ru/jGOjf",22
4619391,-26284064,1665054952,"Уровень инфляции в России снизился до 13,5% в годовом выражении, в ряде европейских стран этот показатель выше, заявил президент РФ Владимир Путин на совещании по экономике:
http://go.tass.ru/jGd6x

Видео: ТАСС/Ruptly",10
4560104,-26284064,1663612211,"В Европе повышение инфляции угрожает рецессией в 2023 году. Это означает, что темпы роста экономики замедлятся. В августе инфляция в еврозоне достигла 9,1% – это рекордный показатель. Госдолг зоны евро достиг 97% суммарного ВВП. Еврокомиссия предложит ввести единую схему налогов для бизнеса в Европе. Подробнее – в нашем видео.

Видео: ТАСС/Ruptly/Reuters",4
4545769,-26284064,1663131664,"Главное к этому часу:

▪ Страны ОДКБ договорились направить в Армению миссию во главе с генсеком:
http://go.tass.ru/jGekk

▪ Путин обсудил в телефонном разговоре с канцлером ФРГ Олафом Шольцем обеспечение безопасности ЗАЭС:
http://go.tass.ru/jGeke

▪ МИД Венгрии допустил пересмотр ЕС осенью антироссийских санкций:
http://go.tass.ru/jGek7

▪ В Москве вновь задержали Гозмана, включенного в реестр СМИ-иноагентов:
http://go.tass.ru/jGekP

▪ Минэкономразвития обновило критерии получения вида на жительство в РФ за инвестиции:
http://go.tass.ru/jGeky

▪ Байден полагает, что Украина добилась значительного прогресса:
http://go.tass.ru/jGekh

▪ РКН сообщил об утечке в сеть более 230 млн записей с личной информацией россиян:
http://go.tass.ru/jGekv

▪ Посольство РФ указало, что инфляцию в Канаде вызвали санкции против России:
http://go.tass.ru/jGekg

▪ Москалькова попросит Мишустина о регистрации эвакуированных граждан по месту нахождения:
http://go.tass.ru/jGekE",3
4545584,-26284064,1663120928,"Власти Канады пытаются переложить ответственность на Россию за рост инфляции в североамериканской стране, забывая, что она вызвана введенными Оттавой антироссийскими санкциями, говорится в заявлении посольства РФ в Канаде:
http://go.tass.ru/jGefq",16
4542467,-26284064,1663004189,"Главные темы дня:

▪Действующие главы регионов и временно исполняющие обязанности губернаторов лидируют на всех прошедших в России выборах руководителей субъектов Федерации, следует из данных ЦИК. Собрали основное о состоявшихся выборах:
http://go.tass.ru/jGkSR

▪ФСБ пресекла теракты СБУ против госслужащих Херсонской области и Крыма:
http://go.tass.ru/jGkSU

▪Инфляция в стране по итогам года составит около 12%, заявил Владимир Путин на совещании по экономическим вопросам. Собрали основные заявления президента РФ:
http://go.tass.ru/jGkSd

▪Кадыров сообщил о возвращении в зону СВО элитных спецподразделений из Чечни:
http://go.tass.ru/jGkSO

▪США предоставляют Киеву данные о критически важных объектах ЗАЭС, заявил Патрушев:
http://go.tass.ru/jGkSr

▪Имеющим трех и более детей гражданам могут дать право поступить в мобилизационный резерв:
http://go.tass.ru/jGkSS

▪Убийство замглавы Новой Каховки Виталия Гуры оказалось инсценировкой ФСБ РФ, сообщают СМИ:
http://go.tass.ru/jGkSN

▪Суд в Челябинске запретил движение ""Народная самооборона"", признав его террористическим:
http://go.tass.ru/jGkSA

▪Историю спецоперации на Украине включили в школьную программу:
http://go.tass.ru/jGkSq

▪Названа стоимость проезда по первому участку нулевого этапа трассы М-12. Как сообщил ""Единый оператор"", она составит 89 рублей:
http://go.tass.ru/jGkSs

▪VK и ""Яндекс"" закрыли сделку по обмену активами:
http://go.tass.ru/jGkSi",1
4541819,-26284064,1662985838,"Комплекс защитных мер позволил не допустить резкого спада экономики РФ и быстро стабилизировать инфляцию, которая по итогам 2022 года составит около 12%, заявил Владимир Путин на совещании по экономическим вопросам.

Собрали основные заявления Путина: 
http://go.tass.ru/jGkhq",5
4529072,-26284064,1662565528,"Рост цен на продовольствие в странах Старого Света бьет рекорды: 5% в Великобритании, 7,7% во Франции, 11,5% в еврозоне в целом. Засуха, пик которой давно пройден, осенью продолжает жечь по-прежнему — в виде инфляции. 

Время, выбранное для экономической войны против России, нельзя признать удачным. Взрывной рост цен на газ наряду с недопроизводством сельскохозяйственных товаров воздействуют на Европу и подтачивают ее экономический рост.

Подробнее, читайте в нашем материале: 
http://go.tass.ru/jGxMj",21
4527677,-26284064,1662531641,"Инфляция в России идет на снижение, по результатам года будет около 12%, заявил Владимир Путин:
http://go.tass.ru/jGxAv

#ВЭФ2022",17
4509917,-26284064,1661784309,"Правительство по итогам года ожидает инфляцию на уровне 12-13%. Первый вице-премьер отметил, что до конца года дефляционные процессы могут смениться ""некоторым повышением цен в пределах таргета"":
https://vk.cc/cg9aXy",10
4487080,-26284064,1660842014,"Уровень инфляции во Франции в июле превысил 6%, в Польше поднялся до 15,6%. В Великобритании инфляция выросла до 10,1% — это максимум за последние 40 лет. Подробнее о рекордах инфляции в Америке и еврозоне — в нашем видео.

Видео: ТАСС/Ruptly/Reuters",11
4483707,-26284064,1660712459,"Главные новости к этому часу:

▪ Минэкономразвития ожидает инфляции в РФ в 13,4% в 2022 году и снижения ВВП до 4,2%:
http://go.tass.ru/jG8BS

▪ Япония в июле возобновила импорт нефти из России:
http://go.tass.ru/jG8BN

▪ В МИД РФ назвали очередным вбросом статью The Wall Street Journal о воровстве энергии с Запорожской АЭС:
http://go.tass.ru/jG8BA

▪ В Белоруссии ввели плату за въезд в зону ожидания на пограничных пунктах пропуска:
http://go.tass.ru/jG8Bq

▪ Великобритания в условиях энергетического кризиса импортирует сжиженный природный газ из Австралии, сообщает Bloomberg: 
http://go.tass.ru/jG8Bs

▪ Несколько японских компаний получили уведомления о переводе ""Сахалина-2"" новому оператору:
http://go.tass.ru/jG8Bi

▪ Стоимость ремонта жилья в России за год выросла на 30%, пишут ""Известия"":
http://go.tass.ru/jG8BD

▪ Байден подписал пакет инициатив на $430 млрд, направленных на борьбу с инфляцией в стране:
http://go.tass.ru/jG8Bu

▪ Газета The New York Times сообщила о призыве стран Запада признать российские алмазы ""конфликтными"":
http://go.tass.ru/jG8BJ

▪ Эксперт назвал симптомы новых видов ""омикрона"":
http://go.tass.ru/jG8B0

▪Маск опроверг сообщение о покупке ""Манчестер Юнайтед"":
https://vk.cc/cfQI2B",6
4483414,-26284064,1660691707,"Джо Байден подписал одобренный ранее Конгрессом пакет мер, направленных на снижение инфляции в стране и предусматривающих выделение $430 млрд, в том числе на инициативы в сфере здравоохранения и борьбы с изменением климата:
http://go.tass.ru/jG81a",8
4475651,-26284064,1660343409,"Палата представителей Конгресса США одобрила пакет инициатив, которые направлены на снижение инфляции и предусматривают выделение властями $430 млрд:
http://go.tass.ru/jnQQZ",4
4474047,-26284064,1660280498,"Главные новости к этому часу:

▪️Ответственность в случае катастрофы на ЗАЭС ляжет на спонсоров Киева, считает Небензя:
http://go.tass.ru/jn54S 

▪️ФБР искало в поместье Трампа документы, связанные с ядерным оружием, сообщили СМИ:
http://go.tass.ru/jn54N 

▪️Байден может осенью объявить о планах пойти на второй срок, утверждает агентство Bloomberg:
http://go.tass.ru/jn54A 

▪️Госдеп отказался публично обсуждать ход дискуссий о причислении РФ к спонсорам терроризма:
http://go.tass.ru/jn54q

▪️Россия и Украина не ведут переговоры по безопасности на атомных электростанциях, заявил постпред РФ при международных организациях в Вене:
http://go.tass.ru/jn54s 

▪️Координационный центр одобрил выход 12 августа из портов Украины двух сухогрузов с зерном:
http://go.tass.ru/jn54i 

▪️ВСУ в августе запустили по ЗАЭС десятки ударных БПЛА, проинформировали власти Запорожской области:
http://go.tass.ru/jn54D

▪️Минэкономразвития ожидает годовую инфляцию в 2022 ниже 14%, пишут ""Известия"":
http://go.tass.ru/jn54u 

▪️Центр им. Гамалеи создал вакцину против омикрон-штамма коронавируса, рассказал Гинцбург ""Известиям"":
http://go.tass.ru/jn54J 

▪️В России в июле подешевела четверть из 20 наиболее популярных автомобилей, показало исследование:
http://go.tass.ru/jn540",6
4473795,-26284064,1660263355,"Минэкономразвития прогнозирует инфляцию ниже 14% по итогам 2022 года, сообщили ""Известия"":
http://go.tass.ru/jn5h7",4
4472411,-26284064,1660212957,"Депутаты от фракции ЛДПР внесли в нижнюю палату законопроект об увеличении МРОТ до 30 тыс. рублей в месяц, ссылаясь на рост инфляции и снижение доходов из-за введения антироссийских санкций:
http://go.tass.ru/jnMvD",46
4471196,-26284064,1660154444,"Британский Центробанк недвусмысленно ужесточает монетарную политику в условиях устойчиво высоких темпов инфляции. Впрочем, как и ФРС, и ЕЦБ. На примере экономики Туманного Альбиона о том, как в Европе борются со стерилизацией денежной массы, рассказал Михаил Ханов:
http://go.tass.ru/jnoN5",0
4462930,-26284064,1659777308,"Власти ФРГ полагают, что в стране может начаться волна протестов на фоне инфляции, возможного усугубления энергетического кризиса и ситуации с коронавирусом, пишет газета Welt am Sonntag со ссылкой на заявления ряда германских политиков:
http://go.tass.ru/jnwEU",8
4462595,-26284064,1659764710,"Дональд Трамп считает, что при Байдене ситуация на Украине будет только усугубляться. 

Также бывший президент США возложил на администрацию главы государства ответственность за рекордную инфляцию, падение фондовых рынков, рост цен на энергетику и потерю энергетической независимости:
http://go.tass.ru/jnwnp",9
4453643,-26284064,1659368114,"ЦБ оценивает спад ВВП РФ в годовом выражении в III квартале в 7%, инфляция на конец этого периода составит 14,6%,  сообщается в докладе Банка России о денежно-кредитной политике.

Регулятор указывает, что в годовом выражении ВВП РФ продолжит снижаться до середины 2023 года, затем перейдет к восстановительному росту:
http://go.tass.ru/jnutK",17
4449953,-26284064,1659195907,"В Deutsche Bank спрогнозировали инфляцию в ФРГ, превышающую 10%. Глава крупнейшего финансового института Германии Кристиан Зевинг предупредил, что это может произойти в случае прекращения поставок газа из России:
http://go.tass.ru/jnsNg",4
4446383,-26284064,1659021313,"В Международном валютном фонде заявили, что мировая инфляция растет быстрее ожидаемого. Эксперты прогнозируют ее ускорение в развитых странах до 6,6% — это на 1 процентный пункт выше, чем в апреле. Рост связывают с удорожанием продуктов и энергоресурсов.

Видео: ТАСС/Reuters",4
4442297,-26284064,1658844059,"Инфляция в мире растет быстрее, чем ранее прогнозировалось, из-за подорожания продовольствия и энергоносителей, а также проблем, касающихся дисбаланса спроса и предложения, сообщили в Международном валютном фонде:
http://go.tass.ru/jnO12",3
4435148,-26284064,1658506567,"Решения Банка России по ключевой ставке определяются стремлением вернуть инфляцию в стране к целевым показателям в 2024 году, каких-либо красных линий не существует, заявила председатель ЦБ Эльвира Набиуллина на пресс-конференции после заседания совета директоров регулятора. Собрали ключевые заявления Набиуллиной:
http://go.tass.ru/jn91C",4
4423754,-26284064,1658016046,"Экс-депутат Бундестага заявил, что санкции против РФ наносят больший вред самому Западу. Фабио де Маси предупредил, что высокие цены на энергоресурсы угрожают Германии ""экономическим спадом, стремительным ростом безработицы и шоковой инфляцией"":
http://go.tass.ru/jneTu",11
4422842,-26284064,1657965614,"Инфляция в России ко II кварталу 2023 года может быть ниже, чем в ЕС, заявил Орешкин. Помощник президента РФ уточнил, что одним из ключевых факторов, положительно влияющих на устойчивость российской экономики, является самообеспечение ключевыми базовыми ресурсами:
http://go.tass.ru/jnkgk",28
4420111,-26284064,1657853150,"Раскрутка странами Запада спирали односторонних санкций грозит ростом инфляции им же самим, а также глобальной рецессией, заявил заместитель министра иностранных дел РФ Сергей Вершинин:
http://go.tass.ru/jnfyi",7
4416854,-26284064,1657726214,"Инфляция в США достигла максимума с ноября 1981 года. По данным Минтруда страны, цены выросли по итогам июня на 9,1% в годовом выражении:
http://go.tass.ru/jnGGi",5
4415423,-26284064,1657667016,"США становится труднее избежать рецессии, ошибки при борьбе с инфляцией несут риски, следует из доклада Международного валютного фонда:
vk.cc/cf3TBM",2
4407254,-26284064,1657301710,"Годовая инфляция в РФ в июне замедлилась до 15,9%. По данным Росстата, продовольственные товары в июне подешевели на 1,1% по сравнению с маем:
http://go.tass.ru/jnmSc",5
4403152,-26284064,1657125055,"Инфляция в России за период с 25 июня по 1 июля 2022 года выросла до 0,23%, следует из данных Росстата:
http://go.tass.ru/jn1mL",3
4399975,-26284064,1656964857,"Бывший президент США Дональд Трамп заявил, что не допустил бы нынешнего развития ситуации вокруг Украины, а также стремительного роста инфляции, если бы остался хозяином Белого дома:
http://go.tass.ru/jnjWr",6
4393264,-26284064,1656674717,"Инфляция в зоне евро четвертый месяц подряд выходит на рекордные показатели с момента создания сообщества – в июне она достигла 8,6% в годовом исчислении:
http://go.tass.ru/jBcPW",5
4391926,-26284064,1656611106,"В мае уровень инфляции в Шри-Ланке достиг 45%. Во Франции – 5,8%, в Германии – 7,6%. По данным Минтруда США, в мае цены в стране стали выше на 8,6%. Подробнее об инфляции в мире – в нашем видео. 

Видео: ТАСС/Ruptly/Reuters",3
4384518,-26284064,1656337514,"Инфляция в Зимбабве достигла в текущем месяце 191,6% в годовом исчислении, сообщила южноафриканская радиостанция SABC:
http://go.tass.ru/jBLVK",11
4381061,-26284064,1656178214,"Президент Швейцарии Иньяцио Кассис предупредил сограждан о том, что инфляция и рост цен на энергию, связанные в том числе с ситуацией на Украине, могут потребовать от них большей бережливости. 

В интервью в газете La Liberte, он назвал отопление, поездки и продовольствие среди статей расходов, на которых придется экономить:
http://go.tass.ru/jBFfA",10
4377551,-26284064,1655958641,"Цены на мебель, цифровую технику и зарубежные туры снизились в последний весенний месяц, инфляция в Москве в мае составила 0,1% к апрелю — это самый низкий показатель с начала текущего года, сообщил министр правительства столицы Кирилл Пуртов:
http://go.tass.ru/jBKbK",1
4377526,-26284064,1655924410,"Глава ФРС признал, что ситуация на Украине не является основной причиной инфляции в США. Однако, по словам Джерома Пауэлла, рост цен на сырьевые товары ""явно связан"" с происходящим на Украине:
http://go.tass.ru/jBKHs",0
4377516,-26284064,1655919017,"В странах мира протестуют против повышения цен. Шри-Ланка переживает тяжелейший экономический кризис с 1948 года, в Непале инфляция ускорилась до 8%, в Великобритании началась забастовка железнодорожников. Подробнее – в нашем видео.

Видео: ТАСС/Ruptly/Reuters",0
4377515,-26284064,1655918720,"Главное из новых исследований Росстата:

▪️ Бензин и дизель в России за неделю в среднем подешевели на 1 копейку:
http://go.tass.ru/jBKsq

▪️ Капуста в РФ за неделю подешевела на 9,7%, помидоры – на 6,5%:
http://go.tass.ru/jBKss

▪️ Годовая инфляция в России с 11 по 17 июня замедлилась до 16,42%:
http://go.tass.ru/jBKsi",1
4377071,-26284064,1655661614,"В Федеральном резервном банке США заявили, что снижение инфляции до 2% потребует не меньше двух лет. При этом президент банка Лоретта Местер заявила, что не прогнозирует рецессию:
http://go.tass.ru/jBivL",0
4377063,-26284064,1655655311,"Глава Минфина США отметила, что санкции против России отражаются и на Вашингтоне. Как заявила Джанет Йеллен, инфляция в стране, ""действительно, неприемлемо высокая"":
http://go.tass.ru/jBieS",0
4377057,-26284064,1655651711,"Белый дом сообщил о разработке комплекса мер по снижению воздействия роста инфляции в США. В частности, речь идет о законе, который позволит снизить стоимость некоторых услуг и товаров, в том числе рецептурных лекарств:
http://go.tass.ru/jBixO",0
4377007,-26284064,1655615762,"Рекордные цены на бензин и рост инфляции в США могут оказаться губительными для администрации президента Джо Байдена и представителей Демократической партии в Конгрессе, считает конгрессмен Лэнс Гуден (республиканец от штата Техас):
http://go.tass.ru/jBsqr",0
4376846,-26284064,1655475623,"Владимир Путин назвал утверждения про ""путинскую инфляцию"" на Западе глупостью:
http://go.tass.ru/jBALN

Видео: ТАСС/Ruptly

#ПМЭФ",0
4376838,-26284064,1655472908,"Европейские политики своими руками нанесли своей экономике серьезный удар, заявил Владимир Путин на ПМЭФ. По словам президента РФ, рост инфляции в отдельных странах еврозоны уже превысил 20%:
http://go.tass.ru/jBA3r

Видео: ТАСС/Ruptly

#ПМЭФ",0
4376834,-26284064,1655471472,"Ухудшение ситуации в глобальной экономике не вопрос последних месяцев и не связано со специальной военной операцией на Украине, заявил Владимир Путин.

Проблемы с инфляцией, продовольствием и энергетикой связаны с ошибочной экономической политикой Запада, отметил президент:
http://go.tass.ru/jBAJR

Видео: ТАСС/Ruptly

#ПМЭФ",0
4376722,-26284064,1655397367,"В мае в странах Европы инфляция достигла пикового уровня, подлетев до 8,1%. Жители Нидерландов приезжают в Германию, чтобы заправить свои автомобили, так как на территории ФРГ топливо дешевле на 0,5 евро за литр. 

В Америке инфляция также бьет рекорды с 1981 года. Она поднялась на 8,6%. Там стоимость бензина превысила 5 долларов за 3,785 л. 

Видео: ТАСС/Ruptly/Reuters",0
4376110,-26284064,1654957815,"Байден признал, что американцам какое-то время придется жить с высокой инфляцией. Президент США отметил, что из-за ситуации на Украине цены в стране вырастут:
http://go.tass.ru/jB9Nl",0
4376050,-26284064,1654921808,"Первый заместитель постоянного представителя РФ при ООН Дмитрий Полянский назвал неубедительной попытку американского президента Джо Байдена переложить ответственность за рост инфляции в стране на российское руководство:
http://go.tass.ru/jBV67",0
4376036,-26284064,1654894807,"Джо Байден считает, что инфляция стала ""подлинным вызовом"" для США. Американский президент заявил, что американцы платят ""налог Путина"" на еду и бензин:
http://go.tass.ru/jBVX0",0
4376017,-26284064,1654880348,"Главные темы дня:

▪️ ЦБ понизил ключевую ставку до 9,5%:  
http://go.tass.ru/jBVSy  
 
▪️ Санкции Зеленского не стоят ответа, Москва готова к диалогу с Западом, но ""танцевать танго нужно вдвоем"". Собрали заявления Лаврова в Ереване:   
http://go.tass.ru/jBVSh  
  
▪️ Правкомиссия с 10 июня отменила требование о продаже 50% валютной выручки:  
http://go.tass.ru/jBVSv  
  
▪️ Лукашенко заявил, что Россия предложила семь направлений вывоза украинского зерна:  
http://go.tass.ru/jBVSg  
  
▪️ Россия лишит Японию квоты на вылов рыбы у Курильских островов за неуплату:  
http://go.tass.ru/jBVSE  
  
▪️ Темпы роста цен в России снижаются, но говорить об устойчивом замедлении инфляции пока рано, заявила председатель ЦБ РФ Набиуллина. Мы собрали основные тезисы выступления главы Центробанка:   
http://go.tass.ru/jBVSV  
  
▪️ Минфин заявил о готовности разместить в России белорусские облигации:  
http://go.tass.ru/jBVS9  
  
▪️ Бывший заместитель руководителя Росприроднадзора Олег Митволь арестован по делу о хищении более 900 млн рублей, его задержали при попытке вылететь в Турцию:  
http://go.tass.ru/jBVS4  
  
▪️ Путин и президент Туркмении Бердымухамедов  по итогам переговоров в Москве подписали декларацию об углублении партнерства. Подробнее о прошедших переговорах — в нашем материале:   
http://go.tass.ru/jBVSR  
  
▪️ Чубайс уйдет с поста сопредседателя Ассоциации развития возобновляемой энергетики:  
http://go.tass.ru/jBVSU  
  
▪️ Роспотребнадзор опубликовал рекомендации по предупреждению распространения оспы обезьян:  
http://go.tass.ru/jBVSd  
   
▪️ На закупку госсимволов для школ выделят 1 млрд рублей:  
http://go.tass.ru/jBVSO  
  
▪️ В Госдуму внесли законопроект о засекречивании данных о золотовалютных резервах России:  
http://go.tass.ru/jBVSr  
  
▪️ Володин сообщил о подготовленном законопроекте о запрете вывесок на иностранных языках:  
http://go.tass.ru/jBVSS  
 
▪️ Посол России заявил о рассмотрении Вьетнама как приоритетного направления политики в АТР:  
http://go.tass.ru/jBVSN",0
4376014,-26284064,1654878916,"Темпы роста цен в России снижаются, но говорить об устойчивом замедлении инфляции пока рано, к тому же она по-прежнему превышает целевые 4%, заявила председатель ЦБ РФ Эльвира Набиуллина. Мы собрали основные тезисы выступления главы ЦБ:
http://go.tass.ru/jBVd2",0
4376009,-26284064,1654876813,"Цены на бензин и дизель в Великобритании стремительно растут на фоне последствий антироссийских санкций и рекордной инфляции. Заправить полный бак легкового автомобиля объемом 55 л в Соединенном Королевстве впервые в истории теперь стоит дороже $125, подробнее о сложившейся обстановке — читайте в нашем материале:
http://go.tass.ru/jBV9A",0
4375989,-26284064,1654867811,"Текущие низкие темпы роста цен в России пока нельзя назвать устойчивым замедлением инфляции, завила Эльвира Набиуллина:
http://go.tass.ru/jBVBt",0
4375924,-26284064,1654837256,"Главные новости к этому часу:

▪️ Япония запретит экспорт в РФ грузовых автомобилей, самосвалов, бульдозеров:
http://go.tass.ru/jBEfl

▪️ Министр финансов США предложила создать коалицию стран, вводящих санкции против России:
http://go.tass.ru/jBEfB

▪️ Грузовое движение открыли на первом автомобильном мосту между Россией и Китаем:
http://go.tass.ru/jBEfn

▪️ Путин поручил увеличить до 40 тыс. рублей размер туристического кешбэка при поездках в ДФО:
http://go.tass.ru/jBEfG

▪️ В офисе Зеленского заявили, что Украина теряет в день от 100 до 200 военных убитыми:
http://go.tass.ru/jBEfx

▪️ Еврокомиссия 17 июня рекомендует сделать Украину кандидатом на членство в ЕС, сообщает Bloomberg:
http://go.tass.ru/jBEff

▪️ Блинкен заявил об озабоченности США вынесением в ДНР приговора наемникам:
http://go.tass.ru/jBEfC

▪️ В Минфине США признали влияние антироссийских санкций на инфляцию:
http://go.tass.ru/jBEfk

▪️ В США заявили, что поддерживали 46 биообъектов на Украине:
http://go.tass.ru/jBEfe

▪️ При стрельбе в штате Мэриленд погибли три человека:
http://go.tass.ru/jBEf7",0
4375916,-26284064,1654821010,"Ограничения в отношении российской нефти могли сказаться на инфляции в США, прежде всего на ценах на бензин, заявила министр финансов США Джанет Йеллен:
http://go.tass.ru/jBEZD",0
4375877,-26284064,1654789559,"Путин отметил, что на Западе его именем называют инфляцию, хотя он тут ""ни при чем"":
http://go.tass.ru/jBgKQ

Видео: ТАСС/Ruptly",0
4375806,-26284064,1654763469,"Президент США Джо Байден считает, что рекордная инфляция стала проклятием для страны. Такое мнение он высказал в вечернем шоу телеведущего Джимми Киммела на телеканале ABC:
http://go.tass.ru/jBvLN",0
4375605,-26284064,1654625123,"Путин заявил, что инфляцию удалось взять под контроль; в России не будут исполняться решения Европейского суда по правам человека, а в Херсонской области назвали вероятным проведение референдума о вхождении в состав РФ.

#Главные_события_ТАСС 7 июня — в наших карточках.",0
4375557,-26284064,1654601412,"Рост цен в России остановился со второй половины мая, сейчас инфляция находится на нулевых отметка, заявил Путин.

При этом, продолжил глава государства, власти должны иметь в виду как позитивные, так и негативные стороны этой ситуации:
http://go.tass.ru/jBPFv

Видео: ТАСС/Ruptly",0
4375435,-26284064,1654513511,"Многолетние ошибки западных стран в экономической политике и санкции привели к глобальной инфляции, росту бедности и дефициту продовольствия, заявил Владимир Путин:
http://go.tass.ru/jBebw",0
4375281,-26284064,1654373765,"Министр иностранных дел РФ Сергей Лавров считает, что многим европейцам грозит нищета из-за санкций против России. По словам главы МИД РФ, в Европе ухудшается уровень жизни, растет инфляция, замедляются темпы роста:
http://go.tass.ru/jBkty",0
4375240,-26284064,1654335930,"Страны Евросоюза могут столкнуться с ценовым шоком и ростом инфляции из-за введенного ЕС нефтяного эмбарго против РФ. Об этом сказал глава европейского аналитического центра Брейгеля Гунтрам Вольф в беседе с журналом Der Spiegel:
http://go.tass.ru/jBCUb",0
4375044,-26284064,1654195554,"ЕС отказывается от газа, нефти и угля из России. Власти европейских стран признают, что вводить санкции против РФ все сложнее, потому что они все больше влияют на обычных жителей ЕС. Особенно это заметно по уровню инфляции.

Видео: Кирилл Кухмарь/Егор Алеев/ТАСС/Ruptly/Reuters",0
4374788,-26284064,1654041622,"Министр финансов США признала, что была не права в оценке инфляции как ""малого риска"". Существовали непредвиденные и большие удары для экономики, которые подстегнули рост цен на энергию и продукты, отметила Джаннет Йеллен:
http://go.tass.ru/jBlH3",0
4374240,-26284064,1653654961,"Разгон мировой инфляции произошел из-за бездумной накачки деньгами экономики западных стран, сообщил глава Минфина РФ Антон Силуанов:
http://go.tass.ru/jB1hr",0
4374222,-26284064,1653649525,"Инфляция в России с начала мая достигла минимума с 1999 года, за последнюю неделю зафиксирована дефляция, сказал Мишустин:
http://go.tass.ru/jB1pR",0
4373988,-26284064,1653507009,"Годовая инфляция в РФ с 14 по 20 мая замедлилась до 17,51%.

Как сообщила замминистра экономразвития Полина Крючкова, инфляция замедляется на фоне сохраняющегося спада потребительской активности, который обусловлен ""снижением ажиотажного спроса и возвратом граждан к привычной модели потребления после нескольких месяцев закупок впрок"":
http://go.tass.ru/jB8vW",0
4373327,-26284064,1653057058,"В странах Евросоюза ускорилась инфляция. В Великобритании она стала самой высокой за 40 лет и достигла 9%. Цены на электричество выросли на 54%.

Видео: ТАСС/Ruptly/Reuters",0
4373151,-26284064,1652958016,"Украинский кризис, западные санкции и инфляция, набирающая силу по всему миру на глазах меняют глобальный финансовый рынок. В том числе и рынок валют. 

Что происходит с рублем, долларом, юанем, а также с валютами стран, соседствующих с Россией и Украиной читайте в нашем материале:
http://go.tass.ru/jlaz3",0
4372890,-26284064,1652793327,"Европа вводит все новые и новые санкции на нефтегазовом рынке по абсолютно политическим причинам и под давлением американского сюзерена, заявил Путин. По его словам, ""все это ведет к инфляции"", а на Западе ""вместо того, чтобы признать свои ошибки, ищут виновных на стороне"":
http://go.tass.ru/jlFA0

Видео: ТАСС/Ruptly",0
4372709,-26284064,1652693420,"Российская экономика стабилизируется к 2023 году и сумеет приспособиться к ситуация разрыва многих экономических связей с Западом. При этом рост ВВП РФ в 2023 году составит не более 1,5%, говорится в весеннем экономическом прогнозе Европейской комиссии:
http://go.tass.ru/jl2BK",0
4372685,-26284064,1652675415,"Сложная ситуация на Украине и пандемия ускорили в Китае рост цен на продовольствие и энергоносители, но власти страны намерены сдерживать инфляцию путем наращивания объемов добычи угля:
http://go.tass.ru/jlH0v",0
4372194,-26284064,1652293820,"Годовая инфляция в России с 30 апреля по 6 мая ускорилась до 17,77%. Минэкономразвития зафиксировало замедление роста цен на непродовольственные товары при продолжающемся девятую неделю подряд снижении цен на автомобильный бензин:
http://go.tass.ru/jlDA3",0
4371430,-26284064,1651755617,"Два с половиной месяца Соединенные Штаты, казалось, жили одной Украиной. Даже рост цен на бензин и рекордная инфляция не отвлекали внимание от Восточной Европы. Все изменилось 2 мая — в прессу утек проект решения Верховного суда, отменяющий вердикт по делу ""Роу против Уэйда"" 1973 года. Именно он на протяжении почти 50 лет был главной гарантией права на аборты в США.

Как скандал вокруг абортов отвлек американцев от Украины, рассказал руководитель нашего представительства в Нью-Йорке Владимир Костырев:
http://go.tass.ru/jldNz",0
4370821,-26284064,1651245911,"Набиуллина заявила, что пик инфляции в России придется на конец 2022 года. По словам главы ЦБ, инфляционное давление в стране в последние две недели стабилизировалось, риски раскручивания инфляционной спирали уменьшились:
https://vk.cc/cdarwa",0
4370501,-26284064,1651055424,"Кудрин заявил, что инфляция в России в 2022 году превысит 20%. Председатель Счетной палаты добавил, что экономика российских регионов в ближайшее время будет очень дифференцирована из-за санкционного давления:
http://go.tass.ru/jlebV",0
4370401,-26284064,1650987668,"Страны Евросоюза отказываются от газа, нефти и угля из России, что привело к росту цен в Европе. Инфляция в Греции достигла самого высокого уровня за 27 лет, в Италии — за 30 лет. Подробнее об экономической обстановке на Западе смотрите в нашем видео.

Видео: ТАСС/Ruptly/Reuters",0
4370199,-26284064,1650870946,"Заседание турецкого кабинета министров под председательством Эрдогана пройдет уже сегодня, сообщил телеканал TGRT.

По его данным, в ходе заседания будут обсуждаться усилия Анкары по урегулированию ситуации на Украине, военная операция Турции против членов Рабочей партии Курдистана на севере Ирака, предотвращение роста цен в стране и борьба с инфляцией:
http://go.tass.ru/jlxF1",0
4369956,-26284064,1650644108,"Глава Минфина России Антон Силуанов считает разгон инфляции в большинстве развитых стран результатом безответственных действий финансовых властей западных стран в период пандемии:
http://go.tass.ru/jlB5E",0
4369940,-26284064,1650637811,"Германский федеральный банк прогнозирует рост инфляции и падение ВВП в ФРГ при ускоренном эмбарго на газ из России. В качестве основной причины роста инфляции банк называет подорожание энергоресурсов:
http://go.tass.ru/jlBJU",0
4369816,-26284064,1650553262,"Инфляция в еврозоне в марте достигла абсолютного рекорда - 7,4% в годовом исчислении, - увеличившись с 5,9% в феврале, говорится в опубликованной Евростатом окончательной оценке за март:
http://go.tass.ru/jlpak",0
4369654,-26284064,1650448814,"При достижении инфляции целевого уровня в 4% ключевая ставка Банка России будет находиться примерно на уровне 7-7,5%, заявил зампред ЦБ Алексей Заботкин. 

Накануне глава регулятора Эльвира Набиуллина отмечала, что Банк России рассчитывает на возвращение инфляции к целевым уровням в 4% в 2024 году, но регулятор не будет любыми методами снижать инфляцию, так как это помешает адаптации бизнеса:
http://go.tass.ru/jlmCw",0
4369627,-26284064,1650432862,"Причинами высокой инфляции в США являются кризис либеральной модели экономики и оторванные от реальности действия американской администрации, заявила Мария Захарова:
http://go.tass.ru/jlt2Q",0
4369561,-26284064,1650379515,"Инфляция в РФ продолжает замедляться, показатель за неделю с 9 по 15 апреля будет ниже прошлой отчетной недели, заявил глава Минэкономразвития Максим Решетников
http://go.tass.ru/jlt8u",0
4369422,-26284064,1650286512,"Владимир Путин заявил о стабилизации инфляции в стране. При этом президент обратил внимание на то, что ""только за последние полтора месяца потребительские цены в России заметно выросли — на 9,4%, а в годовом выражении по состоянию на 8 апреля инфляция составила 17,5%"":
http://go.tass.ru/jlzof

Видео: ТАСС/Ruptly",0
4369392,-26284064,1650270028,"Банк России не будет любыми методами снижать инфляцию, так как это помешает адаптации бизнеса, заявила глава регулятора Эльвира Набиуллина, выступая в Госдуме:
http://go.tass.ru/jlz7h",0
4368958,-26284064,1649910662,"Санкции против России могут стать одним из факторов дальнейшего роста инфляции в США и затруднить для администрации Джо Байдена и демократов ситуацию перед предстоящими в ноябре промежуточными выборами в Конгресс, пишет газета The Washington Post:
http://go.tass.ru/jpcbl",0
4368892,-26284064,1649863195,"Годовая инфляция в России в марте достигла 16,69%
Это максимум с апреля 2015 года, сообщили в ЦБ:
http://go.tass.ru/jpcPh",0
4368847,-26284064,1649848251,"Инфляция в России по итогам 2022 года может достичь 20%. Об этом сообщил глава Счетной палаты Алексей Кудрин, выступая с отчетом о работе контрольного ведомства за 2021 год в Совете Федерации:
http://go.tass.ru/jpQXX",0
4368796,-26284064,1649808961,"Джо Байден заявил, что рост инфляции в США в марте был спровоцирован на 70% российской военной спецоперацией на Украине:
http://go.tass.ru/jp56d",0
4368439,-26284064,1649552445,"Дональд Трамп утверждает, что Джо Байден спровоцировал безудержную инфляцию, рост цен на газ и продовольствие в США:
http://go.tass.ru/jpLcm",0
4368430,-26284064,1649538007,"Инфляция в Чехии в марте выросла до 13% в годовом выражении против 11,1% в феврале, сообщил сайт газеты ""Право"" со ссылкой на Национальный банк республики:
http://go.tass.ru/jpLo8",0
4367396,-26284064,1648827917,"Инфляция в зоне евро в прошлом месяце достигла нового абсолютного рекорда в 7,5% в годовом исчислении, увеличившись по сравнению с аналогичным периодом прошлого года почти в 6 раз, сообщило статистическое агентство ЕС Евростат:
http://go.tass.ru/jpsUx",0
4367257,-26284064,1648736137,"Стоимость жилья в текущем году вырастет в пределах инфляции или ниже этого уровня, заявил вице-премьер РФ Марат Хуснуллин:
http://go.tass.ru/jpAk7",0
4366990,-26284064,1648565111,"Минцифры РФ и ФАС будут контролировать рост тарифов на сотовую связь. Тарифы не будут расти выше уровня инфляции, сообщили в министерстве:
http://go.tass.ru/jpOge",0
4366837,-26284064,1648483223,"Всплеск цен на сырьевые товары, сопровождающийся высокой пандемической инфляцией, — экономисты увидели признаки стагфляции и заговорили о ее возможном возвращении еще в 2021 году. С чем-то подобным мировая экономика уже сталкивалась — в 1970-х годах:
http://go.tass.ru/jpUu3",0
4366473,-26284064,1648210508,"Глава ВТБ Андрей Костин прогнозирует, что инфляция по итогам 2022 года достигнет двузначных значений. Он также отметил важность принимаемых властями мер по сдерживанию цен на продукты, металлы, строительные материалы: 
http://go.tass.ru/jpE2s",0
4365885,-26284064,1647847821,"Вице-председатель Европейского центрального банка Луис де Гиндос Хурадо предупредил о том, что в связи с событиями на Украине уровень инфляции в еврозоне будет высоким в течение длительного периода времени:
http://go.tass.ru/jpkjg",0
4365464,-26284064,1647525019,"Инфляция в зоне евро в феврале выросла до 5,9% в годовом исчислении, что стало рекордом за все время существования этой валюты, следует из данных статистического агентства ЕС Евростат:
http://go.tass.ru/jpBeI",0
4365427,-26284064,1647510611,"Западные страны обманывают собственных граждан, заявляя о вине России в инфляции и росте цен, заявила Захарова. Она добавила, что миф о вине России надолго не приживется, так как подавляющее большинство граждан европейских стран знают, кому это выгодно и кто это все затеял:
http://go.tass.ru/jpluU",0
4364691,-26284064,1646935228,"Президент США Джо Байден связал рекордные темпы инфляции в стране с ситуацией на Украине и антироссийскими санкциями:
http://go.tass.ru/jZbHd",0
4364624,-26284064,1646904918,"В РФ идет работа по минимизации последствий роста инфляции, соответствующие меры реализуются, прорабатываются новые, сообщил Дмитрий Песков:
http://go.tass.ru/jZ6OT",0
4335420,-26284064,1644865221,"Продовольственная инфляция в России внесла наибольший вклад в увеличение годовой инфляции и достигла в январе 11,1%, следует из материалов Банка России:
http://go.tass.ru/jZlht",9
4322936,-26284064,1644285611,"Минэкономразвития России изменило прогноз по темпам инфляции в 2022 году, повысив его с 4% до 5,9%. Обновленные оценки предоставлены к рассмотрению в правительство, пишет газета ""Ведомости"" со ссылкой на федерального чиновника:
http://go.tass.ru/jmQkB",3
4310985,-26284064,1643691024,"Материнский капитал и ряд социальных пособий проиндексированы с 1 февраля на 8,4% по уровню инфляции, это коснется в общей сложности более 16 млн россиян:
http://go.tass.ru/jmJxw",0
4306739,-26284064,1643446844,"Ряд социально значимых законов, в том числе норма об индексации материнского капитала по уровню фактической инфляции, вступает в силу с 1 февраля, сообщил спикер Госдумы Вячеслав Володин:
http://go.tass.ru/jmqEW",2
4298347,-26284064,1643071522,"Президент США Джо Байден, не зная, видимо, что его микрофон был включен, назвал корреспондента телеканала Fox News ""сукиным сыном"" после того, как тот пытался задать ему вопрос об инфляции:
http://go.tass.ru/jm9BD",18
4289490,-26284064,1642587678,"Текущий уровень инфляции в России является неприемлемым, и власти принимают энергичные меры по возвращению этого показателя к целевым значениям, заявил пресс-секретарь президента РФ Дмитрий Песков:
http://go.tass.ru/jmfQs",15
4282789,-26284064,1642183238,"Рост инфляции в мире является кардинальным изменением трендов, заявила глава Банка России Эльвира Набиуллина. Мягкая кредитно-денежная политика только компенсировала действие дезинфляционных факторов, считает глава ЦБ:
http://go.tass.ru/jmmn3",19
4280597,-26284064,1642089643,"В недавние допандемийные годы проблема высокой инфляции в развитых странах казалась устаревшей. Темпы роста цен, наоборот, не дотягивали до целевых показателей центробанков. Но ""иногда они возвращаются"": по мере того как мировая экономика разбирается с последствиями коронакризиса, ей приходится иметь дело и с возросшей инфляцией:
http://go.tass.ru/jm1Jl",15
4277338,-26284064,1641978296,"Путин предложил проиндексировать пенсии выше уровня инфляции:
http://go.tass.ru/jm8mR

Видео: ТАСС/Ruptly",26
4275589,-26284064,1641896434,"Кремль рассчитывает, что в ближайшее время задача по индексации пенсий в России не ниже уровня инфляции будет решена, заявил Песков:
http://go.tass.ru/jmI1T",14
4258697,-26284064,1641070816,"Инфляция, рост цен на энергию для национальных потребителей и эпидемия ковида - главные вызовы в наступившем году для Чехии. Об этом заявил премьер-министр республики Петр Фиала:
http://go.tass.ru/jt26U",2
4256261,-26284064,1640869227,"Отмена техосмотра авто, уменьшение максимальной переплаты по микрозаймам, борьба с криптовалютой и инфляцией. Вспоминаем наиболее значимые события уходящего года в социально-экономической сфере, оказавшие влияние на нашу повседневную жизнь:
http://go.tass.ru/jtKoj",0
4255692,-26284064,1640840424,"Минпромторг рассчитывает на постепенное снижение инфляции в РФ в следующем году, заявил глава министерства Денис Мантуров:
http://go.tass.ru/jt02k",14
4255241,-26284064,1640801155,"Годовая инфляция в России в декабре замедлилась до 8,39% против 8,4% в ноябре. В месячном выражении потребительские цены выросли на 0,82%, следует из данных Росстата:
http://go.tass.ru/jt0hk",9
4252675,-26284064,1640631654,"Годовая инфляция в России по итогам 2021 года немного превысит 8%, заявила глава Банка России Эльвира Набиуллина в интервью телеканалу ""Россия-1"": 
http://go.tass.ru/jts6o",17
4250744,-26284064,1640506541,"Правительство РФ готовит новые подходы к развитию жилищно-коммунального хозяйства в условиях сдерживания тарифов, сообщил Марат Хуснуллин. 

Сдерживание тарифов за коммунальные услуги призвано защитить население, однако инфляция уже превышает этот уровень, добавил он:
http://go.tass.ru/jtAzE",10
4247497,-26284064,1640277076,"Улучшение демографической ситуации и меры по выработке коллективного иммунитета от ковида; уровень инфляции и рост макроэкономических показателей — основные цифры, озвученные Владимиром Путиным на традиционной ежегодной пресс-конференции в нашем материале:
http://go.tass.ru/jtd5K",15
4247256,-26284064,1640264156,"Правительство РФ должно выполнить обещания по индексации пенсий выше уровня инфляции, сообщил Путин:
http://go.tass.ru/jtd7L

Видео: ТАСС/Ruptly",14
4246815,-26284064,1640252701,"Путин уверен, что ФРС США ""придется что-то делать"" с разгоном инфляции из-за увеличения интенсивности печатания денег:
http://go.tass.ru/jtUuk",1
4245905,-26284064,1640185672,"Ситуация с ростом цен в России — это отчасти плата за открытость экономики, инфляция в стране является в основном импортируемой, заявил Мишустин:
http://go.tass.ru/jtRml",44
4243808,-26284064,1640042122,"Фильм ""Человек-паук: нет пути домой"" собрал $260 млн за минувшие выходные в кинопрокате США, став вторым лучшим стартом в американской истории без учета инфляции, сообщил журнал The Hollywood Reporter:
http://go.tass.ru/jtg6B",6
4242598,-26284064,1639961112,"Главный экономист по России в представительстве Всемирного банка в Москве Дэвид Найт отметил высокий риск неожиданного всплеска инфляции в РФ в 2022 году. Такое мнение он выразил в интервью газете ""Ведомости"":
http://go.tass.ru/jthDV",2
4236238,-26284064,1639570531,"Совет Федерации одобрил закон об индексации маткапитала по фактическому уровню инфляции. Теперь размер материнского капитала будет ежегодно пересматриваться с 1 февраля исходя из индекса роста потребительских цен за предыдущий год в соответствии с коэффициентом индексации, определяемым правительством:
http://go.tass.ru/jtG5z",4
4236229,-26284064,1639570244,"13 декабря турецкая валюта установила антирекорд падения стоимости. Курс лиры к доллару колебался в районе 14,5–14,8. С начала года турецкая валюта подешевела почти на 50%. На фоне растущей инфляции доходы населения упали. Подробнее — в нашем видео.

Видео: ТАСС/Ruptly/Reuters",11
4233241,-26284064,1639399916,"Инфляция в России по итогам 2021 года составит около 8%, к концу 2022 года она вернется в рамки таргета в 4%, заявил нам в интервью Антон Силуанов. Нынешний всплеск инфляции в стране, по словам главы Минфина, вызван преимущественно глобальными трендами:
http://go.tass.ru/jtp8t

Видео: ТАСС",15
4233103,-26284064,1639395013,"Инфляция в России составила 46% с 2015 года, а страховые пенсии неработающих пенсионеров были проиндексированы на 55%. Таким образом, темп роста пенсий превысил инфляцию на 9 процентных пунктов, сообщает Минтруда РФ:
http://go.tass.ru/jtZF8",21
4228082,-26284064,1639138522,"Первый вице-премьер РФ Андрей Белоусов не исключил новой волны мировой инфляции в 2022 году из-за роста цен на продукты.

По его словам, пандемия существенно сдвинула макроэкономические балансы, и точку равновесия мир пока не нашел, свидетельством чему являются инфляционные волны:
http://go.tass.ru/jtzqa",13
4223190,-26284064,1638897321,"Госдума вводит индексацию маткапитала по фактическому уровню инфляции. Размер материнского капитала будет ежегодно пересматриваться с 1 февраля исходя из индекса роста потребительских цен за предыдущий год в соответствии с коэффициентом индексации:
http://go.tass.ru/jYcvX",0
4223076,-26284064,1638894660,"Инфляцию в РФ в 2022 году нужно вернуть к целевому уровню в 4%, заявил Путин:
http://go.tass.ru/jYce9",71
4222581,-26284064,1638879352,"Необходимо ввести возможность дополнительной компенсации высокого уровня инфляции для пенсионеров в 2022 году, если инфляция превысит заложенный уровень индексации, сообщил министр труда и социальной защиты РФ Антон Котяков, отметив, что решения могут быть приняты в ближайшее время: 
http://go.tass.ru/jYQAp",20
4221206,-26284064,1638793854,"Ключевая ставка ЦБ РФ недостаточно высока для текущего уровня инфляции, поэтому регулятор, вероятно, продолжит повышать ее, заявил глава Сбербанка Герман Греф: 
http://go.tass.ru/jYMz8",9
4219946,-26284064,1638704768,"Инфляция в России может достичь 8%, но двузначных цифр не предвидится, заявил глава Банка ВТБ Андрей Костин в эфире телеканала ""Россия-1"". Он также считает, что вырастут как ставки по кредитам, так и ставки по депозитам:
http://go.tass.ru/jYW6m",44
4214393,-26284064,1638394254,"Минэкономразвития заявило об ускорении годовой инфляции с 23 по 29 ноября до 8,38%. Неделей ранее показатель составлял 8,05%:
http://go.tass.ru/jY34k",8
4213681,-26284064,1638362729,"Главный вызов следующего года — стабилизация инфляции без избыточного охлаждения экономики. Более долгосрочным вызовом является адаптация российской экономики к энергопереходу, сообщил глава банка ВТБ Андрей Костин:
http://go.tass.ru/jYKhz",5
4213642,-26284064,1638360954,"Годовая инфляция в России достигла 8,05%, к концу года Минфин рассчитывает на ее снижение, заявил Силуанов:
http://go.tass.ru/jYKkB",20
4211994,-26284064,1638277808,"UPD: Владимир Путин заявил о рисках дальнейшего роста цен на продовольствие:
https://vk.cc/c8wGsb

Продовольственная инфляция в РФ с начала года составила около 10%, сообщил Владимир Путин.

Президент отметил, что за последние несколько лет в связи с пандемией наблюдается определенное падение доходов:
http://go.tass.ru/jYuWD",27
4211051,-26284064,1638225935,"Распространение омикрон-штамма коронавируса может привести к снижению уровня трудоустройства и экономической активности в США, а рост неуверенности в экономике будет способствовать инфляции, говорится в заявлении председателя Федеральной резервной системы Джерома Пауэлла:
http://go.tass.ru/jYDfM",9
4210124,-26284064,1638191734,"Инфляция сильно беспокоит Банк России, жесткость в денежно-кредитной политике придется пока сохранить, заявила глава регулятора Эльвира Набиуллина:
http://go.tass.ru/jYixz",20
4203625,-26284064,1637912721,"Минтруд предложил изменить методику выведения уровня бедности: ввести границу этого явления и учитывать инфляцию при его оценке.

В качестве базовой границы предлагается взять последнее значение прожиточного минимума, рассчитанное на основе потребительской корзины:
http://go.tass.ru/jYrTp",16
4186226,-26284064,1637251556,"Нельзя отступать от принципа индексации пенсий выше уровня инфляции, заявил Путин. Власти РФ в ближайшее время вернутся к предложениям по конкретным параметрам индексации пенсий, добавил президент:
http://go.tass.ru/jYC5T",21
4185500,-26284064,1637233222,"Продовольственная инфляция в России достигла двузначных значений, заявила глава ЦБ РФ Эльвира Набиуллина.

По ее словам, если не снизить инфляцию сейчас, пострадают самые незащищенные группы населения:
http://go.tass.ru/jYCIi",26
4183686,-26284064,1637161232,"Уровень инфляции растет во всем мире: в развитых странах она обновила многолетние максимумы, а в России вдвое превысила целевые 4%. 

Обсудили с экспертами, почему цены растут и надолго ли с нами высокая инфляция:
http://go.tass.ru/jYxn8",9
4179388,-26284064,1636974026,"Владимир Путин призвал минимизировать расходы и ни в коем случае не допускать необоснованного завышения цен при строительстве дорог на фоне ускорения инфляции во всем мире:
http://go.tass.ru/jYZyM",13
4157362,-26284064,1635969623,"Инфляция в России с 26 октября по 1 ноября составила 0,21%, следует из данных Росстата. С начала года потребительские цены выросли на 6,52%:
http://go.tass.ru/j1wfv",30
4142819,-26284064,1635337522,"Инфляция в России на конец 2021 года, скорее всего, будет ближе к верхней границе прогнозного диапазона в 7,4-7,9%, сообщил директор департамента денежно-кредитной политики Банка России Кирилл Тремасов:
http://go.tass.ru/j1Owi",1
4122411,-26284064,1634235315,"Размер материнского капитала на 2022 год будет скорректирован по поручению Владимира Путина. Индексация будет происходить по фактической инфляции в короткие сроки, заявил министр труда и социальной защиты Антон Котяков:
http://go.tass.ru/j1tZr

#ТАСС_Экономика",0
4120125,-26284064,1634120111,"Темпы роста цен на бензин в России по итогам 2021 года будут близкими к инфляции, рассказал замминистра энергетики РФ Павел Сорокин. Росстат ранее сообщал, что с начала года цена бензина выросла на 6,25%:
http://go.tass.ru/j1TUU

#ТАСС_Экономика",3
4119005,-26284064,1634054428,"Спикер Госдумы Вячеслав Володин заявил, что видит необходимость в возвращении к вопросам стабилизации цен на фоне роста инфляции:
http://go.tass.ru/j18T1

#ТАСС_Экономика",13
4118738,-26284064,1634044813,"Владимир Путин предложил с 2022 года индексировать материнский капитал на величину не прогнозной, а фактической инфляции:
http://go.tass.ru/j1jAL

#ТАСС_Экономика",53
4118580,-26284064,1634038256,"Минэкономразвития повысило прогноз по инфляции в России по итогам 2021 года до 7,4% с 5,8%, сообщил глава министерства Максим Решетников:
http://go.tass.ru/j1jCU

#ТАСС_Экономика",7
4112826,-26284064,1633680913,"Минэкономразвития РФ ожидает перехода непродовольственной инфляции к снижению в 2022 году:
http://go.tass.ru/jzaal

#ТАСС_Экономика",4
4109205,-26284064,1633469427,"Банк России назвал высоко вероятным пересмотр прогноза по инфляции на 2021 год в сторону повышения, заявил глава департамента денежно-кредитной политики ЦБ РФ Кирилл Тремасов в интервью ""Известиям"":
http://go.tass.ru/jzwZi

#ТАСС_Экономика",0
4109130,-26284064,1633461316,"Инфляция в России в настоящее время близка к пику, после которого, вероятно, последует ее снижение, заявил журналистам замглавы Минфина Владимир Колычев.

По данным Минэкономразвития, годовая инфляция в России за неделю с 21 по 27 сентября ускорилась до 7,26%:
http://go.tass.ru/jzw8A

#ТАСС_Экономика",10
4102020,-26284064,1633017018,"Возвращение годовой инфляции в России к целевому уровню в 4% ожидается к концу 2022 г., следует из проекта основных направлений денежно-кредитной политики Банка России до 2024 года:
http://go.tass.ru/jzqPL

#ТАСС_Экономика",1
4095670,-26284064,1632706262,"Правительство поручило усилить адресную поддержку граждан по оплате ЖКУ. По данным ""Известий"", социально незащищенным категориям граждан будут компенсировать подорожание услуг при росте тарифов сверх инфляции:
http://go.tass.ru/jz9qc

#ТАСС_Экономика",29
4086911,-26284064,1632224709,"Минэкономразвития ухудшило прогноз по инфляции по итогам 2021 года до 5,8% с 5%, прогнозировавшихся в июле, сообщил замглавы министерства Алексей Херсонцев: 
http://go.tass.ru/jzfru

#ТАСС_Экономика",4
4078981,-26284064,1631829626,"Инфляция в России сейчас находится на пиковых значениях, сообщила глава Банка России Эльвира Набиуллина:
http://go.tass.ru/jzYjL

#ТАСС_Экономика",17
4077755,-26284064,1631759444,"В Совфеде предложили увеличить порог налогового вычета для многодетных с учетом инфляции. Глава комитета СФ по экономической политике Андрей Кутепов указал, что установленные лимиты для получения вычета не пересматривались более 10 лет в отношении стоимости обучения и шести лет в отношении общей предельной суммы:
http://go.tass.ru/jzTUt

#ТАСС_Экономика",1
4073522,-26284064,1631516429,"Владимир Путин поручил предусмотреть в бюджете средства на индексацию зарплат военных и правоохранителей выше уровня инфляции в 2022-2023 гг.:
http://go.tass.ru/jT5bV

#ТАСС_Экономика",29
4058025,-26284064,1630607442,"ЦБ в сценарии ""финансового кризиса"" ожидает спада ВВП России в 2023 году на 1,4-2,4%. Регулятор, помимо базового сценария, рассматривает еще три варианта развития событий - ""Усиление пандемии"", ""Глобальная инфляция"" и ""Финансовый кризис"":
http://go.tass.ru/jTSWH

#ТАСС_Экономика",9
4057287,-26284064,1630575964,"Путин держит под личным контролем тему инфляции в России, регулярно обсуждает ее с правительством, сообщил Песков:
http://go.tass.ru/jTrhT

#ТАСС_Экономика",21
4057017,-26284064,1630567215,"Владимир Путин держит под личным контролем тему инфляции в России, регулярно обсуждает ее с правительством, сообщил Дмитрий Песков:
http://go.tass.ru/jTOaF

#ТАСС_Экономика",20
4056135,-26284064,1630519225,"В ЦБ заявили, что влияние новых соцвыплат на инфляцию будет небольшим. 

Единовременные выплаты пенсионерам, военным и правоохранителям в размере около 500 млрд рублей дополнительно поддержат потребительский спрос в конце III - начале IV квартала, отмечается в бюллетене ""О чем говорят тренды"", подготовленном департаментом исследования и прогнозирования:
http://go.tass.ru/jTOzX

#ТАСС_Экономика",10
